Combination Key,Qualified 3rd-place groups,1A vs,1B vs,1D vs,1E vs,1G vs,1I vs,1K vs,1L vs
ABCDEFGH,"3A, 3B, 3C, 3D, 3E, 3F, 3G, 3H",3F,3G,3B,3C,3A,3H,3D,3E
ABCDEFGI,"3A, 3B, 3C, 3D, 3E, 3F, 3G, 3I",3I,3G,3F,3B,3A,3C,3D,3E
ABCDEFGJ,"3A, 3B, 3C, 3D, 3E, 3F, 3G, 3J",3C,3G,3J,3B,3A,3F,3D,3E
ABCDEFGK,"3A, 3B, 3C, 3D, 3E, 3F, 3G, 3K",3C,3G,3E,3B,3A,3F,3D,3K
ABCDEFGL,"3A, 3B, 3C, 3D, 3E, 3F, 3G, 3L",3C,3G,3B,3D,3A,3F,3L,3E
ABCDEFHI,"3A, 3B, 3C, 3D, 3E, 3F, 3H, 3I",3H,3F,3B,3A,3I,3C,3D,3E
ABCDEFHJ,"3A, 3B, 3C, 3D, 3E, 3F, 3H, 3J",3C,3F,3B,3A,3H,3D,3J,3E
ABCDEFHK,"3A, 3B, 3C, 3D, 3E, 3F, 3H, 3K",3H,3E,3B,3C,3A,3F,3D,3K
ABCDEFHL,"3A, 3B, 3C, 3D, 3E, 3F, 3H, 3L",3C,3F,3B,3A,3H,3D,3L,3E
ABCDEFIJ,"3A, 3B, 3C, 3D, 3E, 3F, 3I, 3J",3E,3F,3J,3B,3A,3C,3D,3I
ABCDEFIK,"3A, 3B, 3C, 3D, 3E, 3F, 3I, 3K",3E,3F,3I,3B,3A,3C,3D,3K
ABCDEFIL,"3A, 3B, 3C, 3D, 3E, 3F, 3I, 3L",3I,3F,3B,3D,3A,3C,3L,3E
ABCDEFJK,"3A, 3B, 3C, 3D, 3E, 3F, 3J, 3K",3E,3F,3J,3B,3A,3C,3D,3K
ABCDEFJL,"3A, 3B, 3C, 3D, 3E, 3F, 3J, 3L",3C,3J,3F,3B,3A,3D,3L,3E
ABCDEFKL,"3A, 3B, 3C, 3D, 3E, 3F, 3K, 3L",3C,3E,3F,3B,3A,3D,3L,3K
ABCDEGHI,"3A, 3B, 3C, 3D, 3E, 3G, 3H, 3I",3H,3G,3B,3A,3I,3C,3D,3E
ABCDEGHJ,"3A, 3B, 3C, 3D, 3E, 3G, 3H, 3J",3C,3G,3B,3A,3J,3D,3E,3H
ABCDEGHK,"3A, 3B, 3C, 3D, 3E, 3G, 3H, 3K",3C,3E,3B,3A,3H,3G,3D,3K
ABCDEGHL,"3A, 3B, 3C, 3D, 3E, 3G, 3H, 3L",3C,3G,3B,3A,3H,3D,3L,3E
ABCDEGIJ,"3A, 3B, 3C, 3D, 3E, 3G, 3I, 3J",3E,3G,3B,3A,3J,3C,3D,3I
ABCDEGIK,"3A, 3B, 3C, 3D, 3E, 3G, 3I, 3K",3E,3G,3B,3A,3I,3C,3D,3K
ABCDEGIL,"3A, 3B, 3C, 3D, 3E, 3G, 3I, 3L",3C,3G,3B,3A,3I,3D,3L,3E
ABCDEGJK,"3A, 3B, 3C, 3D, 3E, 3G, 3J, 3K",3C,3G,3B,3A,3E,3D,3J,3K
ABCDEGJL,"3A, 3B, 3C, 3D, 3E, 3G, 3J, 3L",3C,3G,3B,3A,3J,3D,3L,3E
ABCDEGKL,"3A, 3B, 3C, 3D, 3E, 3G, 3K, 3L",3C,3G,3B,3A,3E,3D,3L,3K
ABCDEHIJ,"3A, 3B, 3C, 3D, 3E, 3H, 3I, 3J",3E,3I,3B,3A,3J,3C,3D,3H
ABCDEHIK,"3A, 3B, 3C, 3D, 3E, 3H, 3I, 3K",3H,3E,3B,3A,3I,3C,3D,3K
ABCDEHIL,"3A, 3B, 3C, 3D, 3E, 3H, 3I, 3L",3I,3E,3B,3D,3A,3C,3L,3H
ABCDEHJK,"3A, 3B, 3C, 3D, 3E, 3H, 3J, 3K",3C,3E,3B,3A,3H,3D,3J,3K
ABCDEHJL,"3A, 3B, 3C, 3D, 3E, 3H, 3J, 3L",3C,3E,3B,3A,3J,3D,3L,3H
ABCDEHKL,"3A, 3B, 3C, 3D, 3E, 3H, 3K, 3L",3C,3E,3B,3A,3H,3D,3L,3K
ABCDEIJK,"3A, 3B, 3C, 3D, 3E, 3I, 3J, 3K",3E,3I,3B,3A,3J,3C,3D,3K
ABCDEIJL,"3A, 3B, 3C, 3D, 3E, 3I, 3J, 3L",3E,3J,3B,3D,3A,3C,3L,3I
ABCDEIKL,"3A, 3B, 3C, 3D, 3E, 3I, 3K, 3L",3E,3I,3B,3D,3A,3C,3L,3K
ABCDEJKL,"3A, 3B, 3C, 3D, 3E, 3J, 3K, 3L",3E,3J,3B,3D,3A,3C,3L,3K
ABCDFGHI,"3A, 3B, 3C, 3D, 3F, 3G, 3H, 3I",3I,3G,3F,3B,3A,3C,3D,3H
ABCDFGHJ,"3A, 3B, 3C, 3D, 3F, 3G, 3H, 3J",3C,3G,3J,3B,3A,3F,3D,3H
ABCDFGHK,"3A, 3B, 3C, 3D, 3F, 3G, 3H, 3K",3F,3G,3B,3C,3A,3H,3D,3K
ABCDFGHL,"3A, 3B, 3C, 3D, 3F, 3G, 3H, 3L",3C,3G,3B,3D,3A,3F,3L,3H
ABCDFGIJ,"3A, 3B, 3C, 3D, 3F, 3G, 3I, 3J",3C,3G,3J,3B,3A,3F,3D,3I
ABCDFGIK,"3A, 3B, 3C, 3D, 3F, 3G, 3I, 3K",3I,3G,3F,3B,3A,3C,3D,3K
ABCDFGIL,"3A, 3B, 3C, 3D, 3F, 3G, 3I, 3L",3C,3G,3B,3D,3A,3F,3L,3I
ABCDFGJK,"3A, 3B, 3C, 3D, 3F, 3G, 3J, 3K",3C,3G,3J,3B,3A,3F,3D,3K
ABCDFGJL,"3A, 3B, 3C, 3D, 3F, 3G, 3J, 3L",3C,3G,3B,3D,3A,3F,3L,3J
ABCDFGKL,"3A, 3B, 3C, 3D, 3F, 3G, 3K, 3L",3C,3G,3B,3D,3A,3F,3L,3K
ABCDFHIJ,"3A, 3B, 3C, 3D, 3F, 3H, 3I, 3J",3F,3I,3B,3A,3J,3C,3D,3H
ABCDFHIK,"3A, 3B, 3C, 3D, 3F, 3H, 3I, 3K",3H,3F,3B,3A,3I,3C,3D,3K
ABCDFHIL,"3A, 3B, 3C, 3D, 3F, 3H, 3I, 3L",3I,3F,3B,3D,3A,3C,3L,3H
ABCDFHJK,"3A, 3B, 3C, 3D, 3F, 3H, 3J, 3K",3C,3F,3B,3A,3H,3D,3J,3K
ABCDFHJL,"3A, 3B, 3C, 3D, 3F, 3H, 3J, 3L",3C,3J,3F,3B,3A,3D,3L,3H
ABCDFHKL,"3A, 3B, 3C, 3D, 3F, 3H, 3K, 3L",3C,3F,3B,3A,3H,3D,3L,3K
ABCDFIJK,"3A, 3B, 3C, 3D, 3F, 3I, 3J, 3K",3F,3I,3B,3A,3J,3C,3D,3K
ABCDFIJL,"3A, 3B, 3C, 3D, 3F, 3I, 3J, 3L",3C,3J,3F,3B,3A,3D,3L,3I
ABCDFIKL,"3A, 3B, 3C, 3D, 3F, 3I, 3K, 3L",3I,3F,3B,3D,3A,3C,3L,3K
ABCDFJKL,"3A, 3B, 3C, 3D, 3F, 3J, 3K, 3L",3C,3J,3F,3B,3A,3D,3L,3K
ABCDGHIJ,"3A, 3B, 3C, 3D, 3G, 3H, 3I, 3J",3C,3G,3B,3A,3J,3D,3I,3H
ABCDGHIK,"3A, 3B, 3C, 3D, 3G, 3H, 3I, 3K",3H,3G,3B,3A,3I,3C,3D,3K
ABCDGHIL,"3A, 3B, 3C, 3D, 3G, 3H, 3I, 3L",3C,3G,3B,3A,3I,3D,3L,3H
ABCDGHJK,"3A, 3B, 3C, 3D, 3G, 3H, 3J, 3K",3C,3G,3B,3A,3H,3D,3J,3K
ABCDGHJL,"3A, 3B, 3C, 3D, 3G, 3H, 3J, 3L",3C,3G,3B,3A,3J,3D,3L,3H
ABCDGHKL,"3A, 3B, 3C, 3D, 3G, 3H, 3K, 3L",3C,3G,3B,3A,3H,3D,3L,3K
ABCDGIJK,"3A, 3B, 3C, 3D, 3G, 3I, 3J, 3K",3C,3G,3B,3A,3I,3D,3J,3K
ABCDGIJL,"3A, 3B, 3C, 3D, 3G, 3I, 3J, 3L",3C,3G,3B,3A,3J,3D,3L,3I
ABCDGIKL,"3A, 3B, 3C, 3D, 3G, 3I, 3K, 3L",3C,3G,3B,3A,3I,3D,3L,3K
ABCDGJKL,"3A, 3B, 3C, 3D, 3G, 3J, 3K, 3L",3C,3G,3B,3A,3J,3D,3L,3K
ABCDHIJK,"3A, 3B, 3C, 3D, 3H, 3I, 3J, 3K",3C,3I,3B,3A,3H,3D,3J,3K
ABCDHIJL,"3A, 3B, 3C, 3D, 3H, 3I, 3J, 3L",3C,3I,3B,3A,3J,3D,3L,3H
ABCDHIKL,"3A, 3B, 3C, 3D, 3H, 3I, 3K, 3L",3C,3I,3B,3A,3H,3D,3L,3K
ABCDHJKL,"3A, 3B, 3C, 3D, 3H, 3J, 3K, 3L",3C,3J,3B,3A,3H,3D,3L,3K
ABCDIJKL,"3A, 3B, 3C, 3D, 3I, 3J, 3K, 3L",3I,3J,3B,3D,3A,3C,3L,3K
ABCEFGHI,"3A, 3B, 3C, 3E, 3F, 3G, 3H, 3I",3I,3G,3F,3B,3A,3C,3E,3H
ABCEFGHJ,"3A, 3B, 3C, 3E, 3F, 3G, 3H, 3J",3C,3G,3B,3A,3J,3F,3E,3H
ABCEFGHK,"3A, 3B, 3C, 3E, 3F, 3G, 3H, 3K",3F,3G,3B,3C,3A,3H,3E,3K
ABCEFGHL,"3A, 3B, 3C, 3E, 3F, 3G, 3H, 3L",3F,3G,3B,3C,3A,3H,3L,3E
ABCEFGIJ,"3A, 3B, 3C, 3E, 3F, 3G, 3I, 3J",3F,3G,3B,3A,3I,3C,3J,3E
ABCEFGIK,"3A, 3B, 3C, 3E, 3F, 3G, 3I, 3K",3I,3G,3F,3B,3A,3C,3E,3K
ABCEFGIL,"3A, 3B, 3C, 3E, 3F, 3G, 3I, 3L",3I,3G,3F,3B,3A,3C,3L,3E
ABCEFGJK,"3A, 3B, 3C, 3E, 3F, 3G, 3J, 3K",3C,3G,3B,3A,3J,3F,3E,3K
ABCEFGJL,"3A, 3B, 3C, 3E, 3F, 3G, 3J, 3L",3C,3G,3B,3A,3J,3F,3L,3E
ABCEFGKL,"3A, 3B, 3C, 3E, 3F, 3G, 3K, 3L",3C,3G,3E,3B,3A,3F,3L,3K
ABCEFHIJ,"3A, 3B, 3C, 3E, 3F, 3H, 3I, 3J",3F,3I,3B,3A,3J,3C,3E,3H
ABCEFHIK,"3A, 3B, 3C, 3E, 3F, 3H, 3I, 3K",3H,3F,3B,3A,3I,3C,3E,3K
ABCEFHIL,"3A, 3B, 3C, 3E, 3F, 3H, 3I, 3L",3F,3I,3B,3A,3H,3C,3L,3E
ABCEFHJK,"3A, 3B, 3C, 3E, 3F, 3H, 3J, 3K",3H,3F,3B,3A,3J,3C,3E,3K
ABCEFHJL,"3A, 3B, 3C, 3E, 3F, 3H, 3J, 3L",3E,3F,3B,3A,3J,3C,3L,3H
ABCEFHKL,"3A, 3B, 3C, 3E, 3F, 3H, 3K, 3L",3H,3E,3B,3C,3A,3F,3L,3K
ABCEFIJK,"3A, 3B, 3C, 3E, 3F, 3I, 3J, 3K",3E,3F,3B,3A,3I,3C,3J,3K
ABCEFIJL,"3A, 3B, 3C, 3E, 3F, 3I, 3J, 3L",3E,3F,3B,3A,3J,3C,3L,3I
ABCEFIKL,"3A, 3B, 3C, 3E, 3F, 3I, 3K, 3L",3F,3I,3B,3A,3E,3C,3L,3K
ABCEFJKL,"3A, 3B, 3C, 3E, 3F, 3J, 3K, 3L",3E,3J,3F,3B,3A,3C,3L,3K
ABCEGHIJ,"3A, 3B, 3C, 3E, 3G, 3H, 3I, 3J",3E,3G,3B,3A,3J,3C,3I,3H
ABCEGHIK,"3A, 3B, 3C, 3E, 3G, 3H, 3I, 3K",3I,3G,3B,3A,3H,3C,3E,3K
ABCEGHIL,"3A, 3B, 3C, 3E, 3G, 3H, 3I, 3L",3E,3G,3B,3A,3I,3C,3L,3H
ABCEGHJK,"3A, 3B, 3C, 3E, 3G, 3H, 3J, 3K",3C,3J,3B,3A,3H,3G,3E,3K
ABCEGHJL,"3A, 3B, 3C, 3E, 3G, 3H, 3J, 3L",3E,3G,3B,3A,3J,3C,3L,3H
ABCEGHKL,"3A, 3B, 3C, 3E, 3G, 3H, 3K, 3L",3H,3G,3B,3A,3E,3C,3L,3K
ABCEGIJK,"3A, 3B, 3C, 3E, 3G, 3I, 3J, 3K",3E,3G,3B,3A,3I,3C,3J,3K
ABCEGIJL,"3A, 3B, 3C, 3E, 3G, 3I, 3J, 3L",3E,3G,3B,3A,3J,3C,3L,3I
ABCEGIKL,"3A, 3B, 3C, 3E, 3G, 3I, 3K, 3L",3E,3G,3B,3A,3I,3C,3L,3K
ABCEGJKL,"3A, 3B, 3C, 3E, 3G, 3J, 3K, 3L",3E,3G,3B,3A,3J,3C,3L,3K
ABCEHIJK,"3A, 3B, 3C, 3E, 3H, 3I, 3J, 3K",3E,3I,3B,3A,3H,3C,3J,3K
ABCEHIJL,"3A, 3B, 3C, 3E, 3H, 3I, 3J, 3L",3E,3I,3B,3A,3J,3C,3L,3H
ABCEHIKL,"3A, 3B, 3C, 3E, 3H, 3I, 3K, 3L",3H,3E,3B,3A,3I,3C,3L,3K
ABCEHJKL,"3A, 3B, 3C, 3E, 3H, 3J, 3K, 3L",3E,3J,3B,3A,3H,3C,3L,3K
ABCEIJKL,"3A, 3B, 3C, 3E, 3I, 3J, 3K, 3L",3E,3J,3B,3A,3I,3C,3L,3K
ABCFGHIJ,"3A, 3B, 3C, 3F, 3G, 3H, 3I, 3J",3C,3G,3B,3A,3J,3F,3I,3H
ABCFGHIK,"3A, 3B, 3C, 3F, 3G, 3H, 3I, 3K",3F,3G,3B,3C,3A,3H,3I,3K
ABCFGHIL,"3A, 3B, 3C, 3F, 3G, 3H, 3I, 3L",3I,3G,3F,3B,3A,3C,3L,3H
ABCFGHJK,"3A, 3B, 3C, 3F, 3G, 3H, 3J, 3K",3F,3G,3B,3C,3A,3H,3J,3K
ABCFGHJL,"3A, 3B, 3C, 3F, 3G, 3H, 3J, 3L",3C,3G,3B,3A,3J,3F,3L,3H
ABCFGHKL,"3A, 3B, 3C, 3F, 3G, 3H, 3K, 3L",3F,3G,3B,3C,3A,3H,3L,3K
ABCFGIJK,"3A, 3B, 3C, 3F, 3G, 3I, 3J, 3K",3C,3G,3B,3A,3J,3F,3I,3K
ABCFGIJL,"3A, 3B, 3C, 3F, 3G, 3I, 3J, 3L",3C,3G,3B,3A,3J,3F,3L,3I
ABCFGIKL,"3A, 3B, 3C, 3F, 3G, 3I, 3K, 3L",3I,3G,3F,3B,3A,3C,3L,3K
ABCFGJKL,"3A, 3B, 3C, 3F, 3G, 3J, 3K, 3L",3C,3G,3B,3A,3J,3F,3L,3K
ABCFHIJK,"3A, 3B, 3C, 3F, 3H, 3I, 3J, 3K",3H,3F,3B,3A,3J,3C,3I,3K
ABCFHIJL,"3A, 3B, 3C, 3F, 3H, 3I, 3J, 3L",3F,3I,3B,3A,3J,3C,3L,3H
ABCFHIKL,"3A, 3B, 3C, 3F, 3H, 3I, 3K, 3L",3H,3F,3B,3A,3I,3C,3L,3K
ABCFHJKL,"3A, 3B, 3C, 3F, 3H, 3J, 3K, 3L",3H,3F,3B,3A,3J,3C,3L,3K
ABCFIJKL,"3A, 3B, 3C, 3F, 3I, 3J, 3K, 3L",3F,3J,3B,3A,3I,3C,3L,3K
ABCGHIJK,"3A, 3B, 3C, 3G, 3H, 3I, 3J, 3K",3C,3J,3B,3A,3H,3G,3I,3K
ABCGHIJL,"3A, 3B, 3C, 3G, 3H, 3I, 3J, 3L",3H,3G,3B,3A,3J,3C,3L,3I
ABCGHIKL,"3A, 3B, 3C, 3G, 3H, 3I, 3K, 3L",3I,3G,3B,3A,3H,3C,3L,3K
ABCGHJKL,"3A, 3B, 3C, 3G, 3H, 3J, 3K, 3L",3C,3J,3B,3A,3H,3G,3L,3K
ABCGIJKL,"3A, 3B, 3C, 3G, 3I, 3J, 3K, 3L",3I,3G,3B,3A,3J,3C,3L,3K
ABCHIJKL,"3A, 3B, 3C, 3H, 3I, 3J, 3K, 3L",3H,3J,3B,3A,3I,3C,3L,3K
ABDEFGHI,"3A, 3B, 3D, 3E, 3F, 3G, 3H, 3I",3I,3G,3B,3A,3H,3F,3D,3E
ABDEFGHJ,"3A, 3B, 3D, 3E, 3F, 3G, 3H, 3J",3E,3G,3J,3B,3A,3F,3D,3H
ABDEFGHK,"3A, 3B, 3D, 3E, 3F, 3G, 3H, 3K",3F,3G,3B,3A,3E,3H,3D,3K
ABDEFGHL,"3A, 3B, 3D, 3E, 3F, 3G, 3H, 3L",3F,3G,3B,3A,3H,3D,3L,3E
ABDEFGIJ,"3A, 3B, 3D, 3E, 3F, 3G, 3I, 3J",3F,3G,3B,3A,3I,3D,3J,3E
ABDEFGIK,"3A, 3B, 3D, 3E, 3F, 3G, 3I, 3K",3F,3G,3B,3A,3I,3D,3E,3K
ABDEFGIL,"3A, 3B, 3D, 3E, 3F, 3G, 3I, 3L",3F,3G,3B,3A,3I,3D,3L,3E
ABDEFGJK,"3A, 3B, 3D, 3E, 3F, 3G, 3J, 3K",3E,3G,3J,3B,3A,3F,3D,3K
ABDEFGJL,"3A, 3B, 3D, 3E, 3F, 3G, 3J, 3L",3E,3G,3B,3D,3A,3F,3L,3J
ABDEFGKL,"3A, 3B, 3D, 3E, 3F, 3G, 3K, 3L",3E,3G,3B,3D,3A,3F,3L,3K
ABDEFHIJ,"3A, 3B, 3D, 3E, 3F, 3H, 3I, 3J",3F,3I,3B,3A,3J,3D,3E,3H
ABDEFHIK,"3A, 3B, 3D, 3E, 3F, 3H, 3I, 3K",3H,3F,3B,3A,3I,3D,3E,3K
ABDEFHIL,"3A, 3B, 3D, 3E, 3F, 3H, 3I, 3L",3F,3I,3B,3A,3H,3D,3L,3E
ABDEFHJK,"3A, 3B, 3D, 3E, 3F, 3H, 3J, 3K",3F,3J,3B,3A,3H,3D,3E,3K
ABDEFHJL,"3A, 3B, 3D, 3E, 3F, 3H, 3J, 3L",3E,3F,3B,3A,3J,3D,3L,3H
ABDEFHKL,"3A, 3B, 3D, 3E, 3F, 3H, 3K, 3L",3F,3E,3B,3A,3H,3D,3L,3K
ABDEFIJK,"3A, 3B, 3D, 3E, 3F, 3I, 3J, 3K",3E,3F,3B,3A,3I,3D,3J,3K
ABDEFIJL,"3A, 3B, 3D, 3E, 3F, 3I, 3J, 3L",3E,3F,3B,3A,3J,3D,3L,3I
ABDEFIKL,"3A, 3B, 3D, 3E, 3F, 3I, 3K, 3L",3F,3I,3B,3A,3E,3D,3L,3K
ABDEFJKL,"3A, 3B, 3D, 3E, 3F, 3J, 3K, 3L",3E,3J,3F,3B,3A,3D,3L,3K
ABDEGHIJ,"3A, 3B, 3D, 3E, 3G, 3H, 3I, 3J",3E,3G,3B,3A,3J,3D,3I,3H
ABDEGHIK,"3A, 3B, 3D, 3E, 3G, 3H, 3I, 3K",3H,3G,3B,3A,3I,3D,3E,3K
ABDEGHIL,"3A, 3B, 3D, 3E, 3G, 3H, 3I, 3L",3E,3G,3B,3A,3I,3D,3L,3H
ABDEGHJK,"3A, 3B, 3D, 3E, 3G, 3H, 3J, 3K",3E,3G,3B,3A,3H,3D,3J,3K
ABDEGHJL,"3A, 3B, 3D, 3E, 3G, 3H, 3J, 3L",3E,3G,3B,3A,3J,3D,3L,3H
ABDEGHKL,"3A, 3B, 3D, 3E, 3G, 3H, 3K, 3L",3E,3G,3B,3A,3H,3D,3L,3K
ABDEGIJK,"3A, 3B, 3D, 3E, 3G, 3I, 3J, 3K",3E,3G,3B,3A,3I,3D,3J,3K
ABDEGIJL,"3A, 3B, 3D, 3E, 3G, 3I, 3J, 3L",3E,3G,3B,3A,3J,3D,3L,3I
ABDEGIKL,"3A, 3B, 3D, 3E, 3G, 3I, 3K, 3L",3E,3G,3B,3A,3I,3D,3L,3K
ABDEGJKL,"3A, 3B, 3D, 3E, 3G, 3J, 3K, 3L",3E,3G,3B,3A,3J,3D,3L,3K
ABDEHIJK,"3A, 3B, 3D, 3E, 3H, 3I, 3J, 3K",3E,3I,3B,3A,3H,3D,3J,3K
ABDEHIJL,"3A, 3B, 3D, 3E, 3H, 3I, 3J, 3L",3E,3I,3B,3A,3J,3D,3L,3H
ABDEHIKL,"3A, 3B, 3D, 3E, 3H, 3I, 3K, 3L",3H,3E,3B,3A,3I,3D,3L,3K
ABDEHJKL,"3A, 3B, 3D, 3E, 3H, 3J, 3K, 3L",3E,3J,3B,3A,3H,3D,3L,3K
ABDEIJKL,"3A, 3B, 3D, 3E, 3I, 3J, 3K, 3L",3E,3J,3B,3A,3I,3D,3L,3K
ABDFGHIJ,"3A, 3B, 3D, 3F, 3G, 3H, 3I, 3J",3F,3G,3B,3A,3J,3D,3I,3H
ABDFGHIK,"3A, 3B, 3D, 3F, 3G, 3H, 3I, 3K",3I,3G,3B,3A,3H,3F,3D,3K
ABDFGHIL,"3A, 3B, 3D, 3F, 3G, 3H, 3I, 3L",3F,3G,3B,3A,3I,3D,3L,3H
ABDFGHJK,"3A, 3B, 3D, 3F, 3G, 3H, 3J, 3K",3F,3G,3B,3A,3H,3D,3J,3K
ABDFGHJL,"3A, 3B, 3D, 3F, 3G, 3H, 3J, 3L",3F,3G,3B,3A,3J,3D,3L,3H
ABDFGHKL,"3A, 3B, 3D, 3F, 3G, 3H, 3K, 3L",3F,3G,3B,3A,3H,3D,3L,3K
ABDFGIJK,"3A, 3B, 3D, 3F, 3G, 3I, 3J, 3K",3F,3G,3B,3A,3I,3D,3J,3K
ABDFGIJL,"3A, 3B, 3D, 3F, 3G, 3I, 3J, 3L",3F,3G,3B,3A,3J,3D,3L,3I
ABDFGIKL,"3A, 3B, 3D, 3F, 3G, 3I, 3K, 3L",3F,3G,3B,3A,3I,3D,3L,3K
ABDFGJKL,"3A, 3B, 3D, 3F, 3G, 3J, 3K, 3L",3F,3G,3B,3A,3J,3D,3L,3K
ABDFHIJK,"3A, 3B, 3D, 3F, 3H, 3I, 3J, 3K",3F,3J,3B,3A,3H,3D,3I,3K
ABDFHIJL,"3A, 3B, 3D, 3F, 3H, 3I, 3J, 3L",3F,3I,3B,3A,3J,3D,3L,3H
ABDFHIKL,"3A, 3B, 3D, 3F, 3H, 3I, 3K, 3L",3H,3F,3B,3A,3I,3D,3L,3K
ABDFHJKL,"3A, 3B, 3D, 3F, 3H, 3J, 3K, 3L",3F,3J,3B,3A,3H,3D,3L,3K
ABDFIJKL,"3A, 3B, 3D, 3F, 3I, 3J, 3K, 3L",3F,3J,3B,3A,3I,3D,3L,3K
ABDGHIJK,"3A, 3B, 3D, 3G, 3H, 3I, 3J, 3K",3H,3G,3B,3A,3I,3D,3J,3K
ABDGHIJL,"3A, 3B, 3D, 3G, 3H, 3I, 3J, 3L",3H,3G,3B,3A,3J,3D,3L,3I
ABDGHIKL,"3A, 3B, 3D, 3G, 3H, 3I, 3K, 3L",3H,3G,3B,3A,3I,3D,3L,3K
ABDGHJKL,"3A, 3B, 3D, 3G, 3H, 3J, 3K, 3L",3H,3G,3B,3A,3J,3D,3L,3K
ABDGIJKL,"3A, 3B, 3D, 3G, 3I, 3J, 3K, 3L",3I,3G,3B,3A,3J,3D,3L,3K
ABDHIJKL,"3A, 3B, 3D, 3H, 3I, 3J, 3K, 3L",3H,3J,3B,3A,3I,3D,3L,3K
ABEFGHIJ,"3A, 3B, 3E, 3F, 3G, 3H, 3I, 3J",3E,3G,3B,3A,3J,3F,3I,3H
ABEFGHIK,"3A, 3B, 3E, 3F, 3G, 3H, 3I, 3K",3I,3G,3B,3A,3H,3F,3E,3K
ABEFGHIL,"3A, 3B, 3E, 3F, 3G, 3H, 3I, 3L",3E,3G,3B,3A,3I,3F,3L,3H
ABEFGHJK,"3A, 3B, 3E, 3F, 3G, 3H, 3J, 3K",3F,3J,3B,3A,3H,3G,3E,3K
ABEFGHJL,"3A, 3B, 3E, 3F, 3G, 3H, 3J, 3L",3E,3G,3B,3A,3J,3F,3L,3H
ABEFGHKL,"3A, 3B, 3E, 3F, 3G, 3H, 3K, 3L",3F,3G,3B,3A,3E,3H,3L,3K
ABEFGIJK,"3A, 3B, 3E, 3F, 3G, 3I, 3J, 3K",3E,3G,3B,3A,3I,3F,3J,3K
ABEFGIJL,"3A, 3B, 3E, 3F, 3G, 3I, 3J, 3L",3E,3G,3B,3A,3J,3F,3L,3I
ABEFGIKL,"3A, 3B, 3E, 3F, 3G, 3I, 3K, 3L",3E,3G,3B,3A,3I,3F,3L,3K
ABEFGJKL,"3A, 3B, 3E, 3F, 3G, 3J, 3K, 3L",3E,3G,3B,3A,3J,3F,3L,3K
ABEFHIJK,"3A, 3B, 3E, 3F, 3H, 3I, 3J, 3K",3E,3I,3B,3A,3H,3F,3J,3K
ABEFHIJL,"3A, 3B, 3E, 3F, 3H, 3I, 3J, 3L",3E,3I,3B,3A,3J,3F,3L,3H
ABEFHIKL,"3A, 3B, 3E, 3F, 3H, 3I, 3K, 3L",3H,3E,3B,3A,3I,3F,3L,3K
ABEFHJKL,"3A, 3B, 3E, 3F, 3H, 3J, 3K, 3L",3E,3J,3B,3A,3H,3F,3L,3K
ABEFIJKL,"3A, 3B, 3E, 3F, 3I, 3J, 3K, 3L",3E,3J,3B,3A,3I,3F,3L,3K
ABEGHIJK,"3A, 3B, 3E, 3G, 3H, 3I, 3J, 3K",3E,3I,3B,3A,3H,3G,3J,3K
ABEGHIJL,"3A, 3B, 3E, 3G, 3H, 3I, 3J, 3L",3E,3I,3B,3A,3J,3G,3L,3H
ABEGHIKL,"3A, 3B, 3E, 3G, 3H, 3I, 3K, 3L",3H,3E,3B,3A,3I,3G,3L,3K
ABEGHJKL,"3A, 3B, 3E, 3G, 3H, 3J, 3K, 3L",3E,3J,3B,3A,3H,3G,3L,3K
ABEGIJKL,"3A, 3B, 3E, 3G, 3I, 3J, 3K, 3L",3E,3J,3B,3A,3I,3G,3L,3K
ABEHIJKL,"3A, 3B, 3E, 3H, 3I, 3J, 3K, 3L",3E,3J,3B,3A,3I,3H,3L,3K
ABFGHIJK,"3A, 3B, 3F, 3G, 3H, 3I, 3J, 3K",3F,3J,3B,3A,3H,3G,3I,3K
ABFGHIJL,"3A, 3B, 3F, 3G, 3H, 3I, 3J, 3L",3H,3G,3B,3A,3J,3F,3L,3I
ABFGHIKL,"3A, 3B, 3F, 3G, 3H, 3I, 3K, 3L",3I,3G,3B,3A,3H,3F,3L,3K
ABFGHJKL,"3A, 3B, 3F, 3G, 3H, 3J, 3K, 3L",3F,3J,3B,3A,3H,3G,3L,3K
ABFGIJKL,"3A, 3B, 3F, 3G, 3I, 3J, 3K, 3L",3I,3G,3B,3A,3J,3F,3L,3K
ABFHIJKL,"3A, 3B, 3F, 3H, 3I, 3J, 3K, 3L",3H,3J,3B,3A,3I,3F,3L,3K
ABGHIJKL,"3A, 3B, 3G, 3H, 3I, 3J, 3K, 3L",3H,3J,3B,3A,3I,3G,3L,3K
ACDEFGHI,"3A, 3C, 3D, 3E, 3F, 3G, 3H, 3I",3H,3G,3F,3A,3I,3C,3D,3E
ACDEFGHJ,"3A, 3C, 3D, 3E, 3F, 3G, 3H, 3J",3C,3G,3F,3A,3H,3D,3J,3E
ACDEFGHK,"3A, 3C, 3D, 3E, 3F, 3G, 3H, 3K",3F,3G,3E,3C,3A,3H,3D,3K
ACDEFGHL,"3A, 3C, 3D, 3E, 3F, 3G, 3H, 3L",3C,3G,3F,3A,3H,3D,3L,3E
ACDEFGIJ,"3A, 3C, 3D, 3E, 3F, 3G, 3I, 3J",3C,3G,3F,3A,3I,3D,3J,3E
ACDEFGIK,"3A, 3C, 3D, 3E, 3F, 3G, 3I, 3K",3I,3G,3E,3C,3A,3F,3D,3K
ACDEFGIL,"3A, 3C, 3D, 3E, 3F, 3G, 3I, 3L",3C,3G,3F,3A,3I,3D,3L,3E
ACDEFGJK,"3A, 3C, 3D, 3E, 3F, 3G, 3J, 3K",3C,3G,3F,3A,3E,3D,3J,3K
ACDEFGJL,"3A, 3C, 3D, 3E, 3F, 3G, 3J, 3L",3C,3G,3F,3A,3J,3D,3L,3E
ACDEFGKL,"3A, 3C, 3D, 3E, 3F, 3G, 3K, 3L",3C,3G,3E,3D,3A,3F,3L,3K
ACDEFHIJ,"3A, 3C, 3D, 3E, 3F, 3H, 3I, 3J",3E,3J,3F,3A,3I,3C,3D,3H
ACDEFHIK,"3A, 3C, 3D, 3E, 3F, 3H, 3I, 3K",3H,3F,3E,3A,3I,3C,3D,3K
ACDEFHIL,"3A, 3C, 3D, 3E, 3F, 3H, 3I, 3L",3C,3I,3F,3A,3H,3D,3L,3E
ACDEFHJK,"3A, 3C, 3D, 3E, 3F, 3H, 3J, 3K",3C,3F,3E,3A,3H,3D,3J,3K
ACDEFHJL,"3A, 3C, 3D, 3E, 3F, 3H, 3J, 3L",3C,3J,3F,3A,3H,3D,3L,3E
ACDEFHKL,"3A, 3C, 3D, 3E, 3F, 3H, 3K, 3L",3C,3F,3E,3A,3H,3D,3L,3K
ACDEFIJK,"3A, 3C, 3D, 3E, 3F, 3I, 3J, 3K",3E,3J,3F,3A,3I,3C,3D,3K
ACDEFIJL,"3A, 3C, 3D, 3E, 3F, 3I, 3J, 3L",3E,3J,3F,3D,3A,3C,3L,3I
ACDEFIKL,"3A, 3C, 3D, 3E, 3F, 3I, 3K, 3L",3E,3I,3F,3D,3A,3C,3L,3K
ACDEFJKL,"3A, 3C, 3D, 3E, 3F, 3J, 3K, 3L",3E,3J,3F,3D,3A,3C,3L,3K
ACDEGHIJ,"3A, 3C, 3D, 3E, 3G, 3H, 3I, 3J",3C,3G,3E,3A,3J,3D,3I,3H
ACDEGHIK,"3A, 3C, 3D, 3E, 3G, 3H, 3I, 3K",3H,3G,3E,3A,3I,3C,3D,3K
ACDEGHIL,"3A, 3C, 3D, 3E, 3G, 3H, 3I, 3L",3C,3G,3E,3A,3I,3D,3L,3H
ACDEGHJK,"3A, 3C, 3D, 3E, 3G, 3H, 3J, 3K",3C,3G,3E,3A,3H,3D,3J,3K
ACDEGHJL,"3A, 3C, 3D, 3E, 3G, 3H, 3J, 3L",3C,3G,3E,3A,3J,3D,3L,3H
ACDEGHKL,"3A, 3C, 3D, 3E, 3G, 3H, 3K, 3L",3C,3G,3E,3A,3H,3D,3L,3K
ACDEGIJK,"3A, 3C, 3D, 3E, 3G, 3I, 3J, 3K",3E,3G,3I,3A,3J,3C,3D,3K
ACDEGIJL,"3A, 3C, 3D, 3E, 3G, 3I, 3J, 3L",3C,3G,3I,3A,3J,3D,3L,3E
ACDEGIKL,"3A, 3C, 3D, 3E, 3G, 3I, 3K, 3L",3C,3G,3E,3A,3I,3D,3L,3K
ACDEGJKL,"3A, 3C, 3D, 3E, 3G, 3J, 3K, 3L",3C,3G,3E,3A,3J,3D,3L,3K
ACDEHIJK,"3A, 3C, 3D, 3E, 3H, 3I, 3J, 3K",3E,3J,3I,3A,3H,3C,3D,3K
ACDEHIJL,"3A, 3C, 3D, 3E, 3H, 3I, 3J, 3L",3C,3I,3E,3A,3J,3D,3L,3H
ACDEHIKL,"3A, 3C, 3D, 3E, 3H, 3I, 3K, 3L",3C,3I,3E,3A,3H,3D,3L,3K
ACDEHJKL,"3A, 3C, 3D, 3E, 3H, 3J, 3K, 3L",3C,3J,3E,3A,3H,3D,3L,3K
ACDEIJKL,"3A, 3C, 3D, 3E, 3I, 3J, 3K, 3L",3E,3J,3I,3D,3A,3C,3L,3K
ACDFGHIJ,"3A, 3C, 3D, 3F, 3G, 3H, 3I, 3J",3C,3G,3F,3A,3I,3D,3J,3H
ACDFGHIK,"3A, 3C, 3D, 3F, 3G, 3H, 3I, 3K",3H,3G,3F,3A,3I,3C,3D,3K
ACDFGHIL,"3A, 3C, 3D, 3F, 3G, 3H, 3I, 3L",3C,3G,3F,3A,3I,3D,3L,3H
ACDFGHJK,"3A, 3C, 3D, 3F, 3G, 3H, 3J, 3K",3C,3G,3F,3A,3H,3D,3J,3K
ACDFGHJL,"3A, 3C, 3D, 3F, 3G, 3H, 3J, 3L",3C,3G,3F,3A,3J,3D,3L,3H
ACDFGHKL,"3A, 3C, 3D, 3F, 3G, 3H, 3K, 3L",3C,3G,3F,3A,3H,3D,3L,3K
ACDFGIJK,"3A, 3C, 3D, 3F, 3G, 3I, 3J, 3K",3C,3G,3F,3A,3I,3D,3J,3K
ACDFGIJL,"3A, 3C, 3D, 3F, 3G, 3I, 3J, 3L",3C,3G,3F,3A,3J,3D,3L,3I
ACDFGIKL,"3A, 3C, 3D, 3F, 3G, 3I, 3K, 3L",3C,3G,3F,3A,3I,3D,3L,3K
ACDFGJKL,"3A, 3C, 3D, 3F, 3G, 3J, 3K, 3L",3C,3G,3F,3A,3J,3D,3L,3K
ACDFHIJK,"3A, 3C, 3D, 3F, 3H, 3I, 3J, 3K",3C,3I,3F,3A,3H,3D,3J,3K
ACDFHIJL,"3A, 3C, 3D, 3F, 3H, 3I, 3J, 3L",3F,3J,3I,3D,3A,3C,3L,3H
ACDFHIKL,"3A, 3C, 3D, 3F, 3H, 3I, 3K, 3L",3C,3I,3F,3A,3H,3D,3L,3K
ACDFHJKL,"3A, 3C, 3D, 3F, 3H, 3J, 3K, 3L",3C,3J,3F,3A,3H,3D,3L,3K
ACDFIJKL,"3A, 3C, 3D, 3F, 3I, 3J, 3K, 3L",3F,3J,3I,3D,3A,3C,3L,3K
ACDGHIJK,"3A, 3C, 3D, 3G, 3H, 3I, 3J, 3K",3C,3G,3I,3A,3H,3D,3J,3K
ACDGHIJL,"3A, 3C, 3D, 3G, 3H, 3I, 3J, 3L",3C,3G,3I,3A,3J,3D,3L,3H
ACDGHIKL,"3A, 3C, 3D, 3G, 3H, 3I, 3K, 3L",3C,3G,3I,3A,3H,3D,3L,3K
ACDGHJKL,"3A, 3C, 3D, 3G, 3H, 3J, 3K, 3L",3C,3G,3J,3A,3H,3D,3L,3K
ACDGIJKL,"3A, 3C, 3D, 3G, 3I, 3J, 3K, 3L",3C,3G,3I,3A,3J,3D,3L,3K
ACDHIJKL,"3A, 3C, 3D, 3H, 3I, 3J, 3K, 3L",3C,3J,3I,3A,3H,3D,3L,3K
ACEFGHIJ,"3A, 3C, 3E, 3F, 3G, 3H, 3I, 3J",3C,3G,3J,3A,3I,3F,3E,3H
ACEFGHIK,"3A, 3C, 3E, 3F, 3G, 3H, 3I, 3K",3I,3G,3F,3A,3H,3C,3E,3K
ACEFGHIL,"3A, 3C, 3E, 3F, 3G, 3H, 3I, 3L",3I,3G,3F,3A,3H,3C,3L,3E
ACEFGHJK,"3A, 3C, 3E, 3F, 3G, 3H, 3J, 3K",3C,3J,3F,3A,3H,3G,3E,3K
ACEFGHJL,"3A, 3C, 3E, 3F, 3G, 3H, 3J, 3L",3C,3J,3F,3A,3H,3G,3L,3E
ACEFGHKL,"3A, 3C, 3E, 3F, 3G, 3H, 3K, 3L",3F,3G,3E,3C,3A,3H,3L,3K
ACEFGIJK,"3A, 3C, 3E, 3F, 3G, 3I, 3J, 3K",3E,3G,3F,3A,3I,3C,3J,3K
ACEFGIJL,"3A, 3C, 3E, 3F, 3G, 3I, 3J, 3L",3E,3G,3F,3A,3J,3C,3L,3I
ACEFGIKL,"3A, 3C, 3E, 3F, 3G, 3I, 3K, 3L",3I,3G,3F,3A,3E,3C,3L,3K
ACEFGJKL,"3A, 3C, 3E, 3F, 3G, 3J, 3K, 3L",3C,3G,3J,3A,3E,3F,3L,3K
ACEFHIJK,"3A, 3C, 3E, 3F, 3H, 3I, 3J, 3K",3F,3J,3I,3A,3H,3C,3E,3K
ACEFHIJL,"3A, 3C, 3E, 3F, 3H, 3I, 3J, 3L",3E,3J,3F,3A,3I,3C,3L,3H
ACEFHIKL,"3A, 3C, 3E, 3F, 3H, 3I, 3K, 3L",3F,3I,3E,3A,3H,3C,3L,3K
ACEFHJKL,"3A, 3C, 3E, 3F, 3H, 3J, 3K, 3L",3E,3J,3F,3A,3H,3C,3L,3K
ACEFIJKL,"3A, 3C, 3E, 3F, 3I, 3J, 3K, 3L",3E,3J,3F,3A,3I,3C,3L,3K
ACEGHIJK,"3A, 3C, 3E, 3G, 3H, 3I, 3J, 3K",3E,3G,3I,3A,3H,3C,3J,3K
ACEGHIJL,"3A, 3C, 3E, 3G, 3H, 3I, 3J, 3L",3E,3G,3I,3A,3J,3C,3L,3H
ACEGHIKL,"3A, 3C, 3E, 3G, 3H, 3I, 3K, 3L",3I,3G,3E,3A,3H,3C,3L,3K
ACEGHJKL,"3A, 3C, 3E, 3G, 3H, 3J, 3K, 3L",3C,3J,3E,3A,3H,3G,3L,3K
ACEGIJKL,"3A, 3C, 3E, 3G, 3I, 3J, 3K, 3L",3E,3G,3I,3A,3J,3C,3L,3K
ACEHIJKL,"3A, 3C, 3E, 3H, 3I, 3J, 3K, 3L",3E,3J,3I,3A,3H,3C,3L,3K
ACFGHIJK,"3A, 3C, 3F, 3G, 3H, 3I, 3J, 3K",3C,3J,3F,3A,3H,3G,3I,3K
ACFGHIJL,"3A, 3C, 3F, 3G, 3H, 3I, 3J, 3L",3C,3G,3J,3A,3I,3F,3L,3H
ACFGHIKL,"3A, 3C, 3F, 3G, 3H, 3I, 3K, 3L",3I,3G,3F,3A,3H,3C,3L,3K
ACFGHJKL,"3A, 3C, 3F, 3G, 3H, 3J, 3K, 3L",3C,3J,3F,3A,3H,3G,3L,3K
ACFGIJKL,"3A, 3C, 3F, 3G, 3I, 3J, 3K, 3L",3C,3G,3J,3A,3I,3F,3L,3K
ACFHIJKL,"3A, 3C, 3F, 3H, 3I, 3J, 3K, 3L",3F,3J,3I,3A,3H,3C,3L,3K
ACGHIJKL,"3A, 3C, 3G, 3H, 3I, 3J, 3K, 3L",3C,3J,3I,3A,3H,3G,3L,3K
ADEFGHIJ,"3A, 3D, 3E, 3F, 3G, 3H, 3I, 3J",3F,3G,3I,3A,3J,3D,3E,3H
ADEFGHIK,"3A, 3D, 3E, 3F, 3G, 3H, 3I, 3K",3F,3G,3E,3A,3H,3D,3I,3K
ADEFGHIL,"3A, 3D, 3E, 3F, 3G, 3H, 3I, 3L",3H,3G,3F,3A,3I,3D,3L,3E
ADEFGHJK,"3A, 3D, 3E, 3F, 3G, 3H, 3J, 3K",3E,3G,3F,3A,3H,3D,3J,3K
ADEFGHJL,"3A, 3D, 3E, 3F, 3G, 3H, 3J, 3L",3E,3G,3F,3A,3J,3D,3L,3H
ADEFGHKL,"3A, 3D, 3E, 3F, 3G, 3H, 3K, 3L",3F,3G,3E,3A,3H,3D,3L,3K
ADEFGIJK,"3A, 3D, 3E, 3F, 3G, 3I, 3J, 3K",3E,3G,3F,3A,3I,3D,3J,3K
ADEFGIJL,"3A, 3D, 3E, 3F, 3G, 3I, 3J, 3L",3E,3G,3F,3A,3J,3D,3L,3I
ADEFGIKL,"3A, 3D, 3E, 3F, 3G, 3I, 3K, 3L",3F,3G,3I,3A,3E,3D,3L,3K
ADEFGJKL,"3A, 3D, 3E, 3F, 3G, 3J, 3K, 3L",3E,3G,3F,3A,3J,3D,3L,3K
ADEFHIJK,"3A, 3D, 3E, 3F, 3H, 3I, 3J, 3K",3F,3J,3I,3A,3H,3D,3E,3K
ADEFHIJL,"3A, 3D, 3E, 3F, 3H, 3I, 3J, 3L",3E,3J,3F,3A,3I,3D,3L,3H
ADEFHIKL,"3A, 3D, 3E, 3F, 3H, 3I, 3K, 3L",3F,3I,3E,3A,3H,3D,3L,3K
ADEFHJKL,"3A, 3D, 3E, 3F, 3H, 3J, 3K, 3L",3E,3J,3F,3A,3H,3D,3L,3K
ADEFIJKL,"3A, 3D, 3E, 3F, 3I, 3J, 3K, 3L",3E,3J,3F,3A,3I,3D,3L,3K
ADEGHIJK,"3A, 3D, 3E, 3G, 3H, 3I, 3J, 3K",3E,3G,3I,3A,3H,3D,3J,3K
ADEGHIJL,"3A, 3D, 3E, 3G, 3H, 3I, 3J, 3L",3E,3G,3I,3A,3J,3D,3L,3H
ADEGHIKL,"3A, 3D, 3E, 3G, 3H, 3I, 3K, 3L",3H,3G,3E,3A,3I,3D,3L,3K
ADEGHJKL,"3A, 3D, 3E, 3G, 3H, 3J, 3K, 3L",3E,3G,3J,3A,3H,3D,3L,3K
ADEGIJKL,"3A, 3D, 3E, 3G, 3I, 3J, 3K, 3L",3E,3G,3I,3A,3J,3D,3L,3K
ADEHIJKL,"3A, 3D, 3E, 3H, 3I, 3J, 3K, 3L",3E,3J,3I,3A,3H,3D,3L,3K
ADFGHIJK,"3A, 3D, 3F, 3G, 3H, 3I, 3J, 3K",3F,3G,3I,3A,3H,3D,3J,3K
ADFGHIJL,"3A, 3D, 3F, 3G, 3H, 3I, 3J, 3L",3F,3G,3I,3A,3J,3D,3L,3H
ADFGHIKL,"3A, 3D, 3F, 3G, 3H, 3I, 3K, 3L",3H,3G,3F,3A,3I,3D,3L,3K
ADFGHJKL,"3A, 3D, 3F, 3G, 3H, 3J, 3K, 3L",3F,3G,3J,3A,3H,3D,3L,3K
ADFGIJKL,"3A, 3D, 3F, 3G, 3I, 3J, 3K, 3L",3F,3G,3I,3A,3J,3D,3L,3K
ADFHIJKL,"3A, 3D, 3F, 3H, 3I, 3J, 3K, 3L",3F,3J,3I,3A,3H,3D,3L,3K
ADGHIJKL,"3A, 3D, 3G, 3H, 3I, 3J, 3K, 3L",3H,3G,3I,3A,3J,3D,3L,3K
AEFGHIJK,"3A, 3E, 3F, 3G, 3H, 3I, 3J, 3K",3E,3G,3I,3A,3H,3F,3J,3K
AEFGHIJL,"3A, 3E, 3F, 3G, 3H, 3I, 3J, 3L",3E,3G,3I,3A,3J,3F,3L,3H
AEFGHIKL,"3A, 3E, 3F, 3G, 3H, 3I, 3K, 3L",3H,3G,3E,3A,3I,3F,3L,3K
AEFGHJKL,"3A, 3E, 3F, 3G, 3H, 3J, 3K, 3L",3E,3G,3J,3A,3H,3F,3L,3K
AEFGIJKL,"3A, 3E, 3F, 3G, 3I, 3J, 3K, 3L",3E,3G,3I,3A,3J,3F,3L,3K
AEFHIJKL,"3A, 3E, 3F, 3H, 3I, 3J, 3K, 3L",3E,3J,3I,3A,3H,3F,3L,3K
AEGHIJKL,"3A, 3E, 3G, 3H, 3I, 3J, 3K, 3L",3E,3J,3I,3A,3H,3G,3L,3K
AFGHIJKL,"3A, 3F, 3G, 3H, 3I, 3J, 3K, 3L",3H,3G,3I,3A,3J,3F,3L,3K
BCDEFGHI,"3B, 3C, 3D, 3E, 3F, 3G, 3H, 3I",3I,3G,3F,3B,3H,3C,3D,3E
BCDEFGHJ,"3B, 3C, 3D, 3E, 3F, 3G, 3H, 3J",3C,3G,3J,3B,3H,3F,3D,3E
BCDEFGHK,"3B, 3C, 3D, 3E, 3F, 3G, 3H, 3K",3F,3G,3B,3C,3E,3H,3D,3K
BCDEFGHL,"3B, 3C, 3D, 3E, 3F, 3G, 3H, 3L",3C,3G,3B,3D,3H,3F,3L,3E
BCDEFGIJ,"3B, 3C, 3D, 3E, 3F, 3G, 3I, 3J",3C,3G,3J,3B,3I,3F,3D,3E
BCDEFGIK,"3B, 3C, 3D, 3E, 3F, 3G, 3I, 3K",3I,3G,3F,3B,3E,3C,3D,3K
BCDEFGIL,"3B, 3C, 3D, 3E, 3F, 3G, 3I, 3L",3C,3G,3B,3D,3I,3F,3L,3E
BCDEFGJK,"3B, 3C, 3D, 3E, 3F, 3G, 3J, 3K",3C,3G,3J,3B,3E,3F,3D,3K
BCDEFGJL,"3B, 3C, 3D, 3E, 3F, 3G, 3J, 3L",3C,3G,3B,3D,3J,3F,3L,3E
BCDEFGKL,"3B, 3C, 3D, 3E, 3F, 3G, 3K, 3L",3C,3G,3B,3D,3E,3F,3L,3K
BCDEFHIJ,"3B, 3C, 3D, 3E, 3F, 3H, 3I, 3J",3E,3J,3F,3B,3I,3C,3D,3H
BCDEFHIK,"3B, 3C, 3D, 3E, 3F, 3H, 3I, 3K",3H,3F,3B,3C,3E,3D,3I,3K
BCDEFHIL,"3B, 3C, 3D, 3E, 3F, 3H, 3I, 3L",3I,3F,3B,3D,3H,3C,3L,3E
BCDEFHJK,"3B, 3C, 3D, 3E, 3F, 3H, 3J, 3K",3C,3F,3J,3B,3E,3H,3D,3K
BCDEFHJL,"3B, 3C, 3D, 3E, 3F, 3H, 3J, 3L",3C,3J,3F,3B,3H,3D,3L,3E
BCDEFHKL,"3B, 3C, 3D, 3E, 3F, 3H, 3K, 3L",3H,3F,3B,3C,3E,3D,3L,3K
BCDEFIJK,"3B, 3C, 3D, 3E, 3F, 3I, 3J, 3K",3E,3J,3F,3B,3I,3C,3D,3K
BCDEFIJL,"3B, 3C, 3D, 3E, 3F, 3I, 3J, 3L",3E,3F,3B,3D,3J,3C,3L,3I
BCDEFIKL,"3B, 3C, 3D, 3E, 3F, 3I, 3K, 3L",3I,3F,3B,3D,3E,3C,3L,3K
BCDEFJKL,"3B, 3C, 3D, 3E, 3F, 3J, 3K, 3L",3C,3J,3F,3B,3E,3D,3L,3K
BCDEGHIJ,"3B, 3C, 3D, 3E, 3G, 3H, 3I, 3J",3C,3G,3E,3B,3J,3D,3I,3H
BCDEGHIK,"3B, 3C, 3D, 3E, 3G, 3H, 3I, 3K",3C,3G,3E,3B,3H,3D,3I,3K
BCDEGHIL,"3B, 3C, 3D, 3E, 3G, 3H, 3I, 3L",3C,3G,3E,3B,3I,3D,3L,3H
BCDEGHJK,"3B, 3C, 3D, 3E, 3G, 3H, 3J, 3K",3C,3G,3E,3B,3H,3D,3J,3K
BCDEGHJL,"3B, 3C, 3D, 3E, 3G, 3H, 3J, 3L",3C,3G,3E,3B,3J,3D,3L,3H
BCDEGHKL,"3B, 3C, 3D, 3E, 3G, 3H, 3K, 3L",3E,3G,3B,3C,3H,3D,3L,3K
BCDEGIJK,"3B, 3C, 3D, 3E, 3G, 3I, 3J, 3K",3E,3G,3I,3B,3J,3C,3D,3K
BCDEGIJL,"3B, 3C, 3D, 3E, 3G, 3I, 3J, 3L",3C,3G,3I,3B,3J,3D,3L,3E
BCDEGIKL,"3B, 3C, 3D, 3E, 3G, 3I, 3K, 3L",3C,3G,3I,3B,3E,3D,3L,3K
BCDEGJKL,"3B, 3C, 3D, 3E, 3G, 3J, 3K, 3L",3C,3G,3E,3B,3J,3D,3L,3K
BCDEHIJK,"3B, 3C, 3D, 3E, 3H, 3I, 3J, 3K",3E,3J,3I,3B,3H,3C,3D,3K
BCDEHIJL,"3B, 3C, 3D, 3E, 3H, 3I, 3J, 3L",3C,3I,3E,3B,3J,3D,3L,3H
BCDEHIKL,"3B, 3C, 3D, 3E, 3H, 3I, 3K, 3L",3H,3E,3B,3C,3I,3D,3L,3K
BCDEHJKL,"3B, 3C, 3D, 3E, 3H, 3J, 3K, 3L",3C,3E,3J,3B,3H,3D,3L,3K
BCDEIJKL,"3B, 3C, 3D, 3E, 3I, 3J, 3K, 3L",3E,3J,3B,3D,3I,3C,3L,3K
BCDFGHIJ,"3B, 3C, 3D, 3F, 3G, 3H, 3I, 3J",3C,3G,3J,3B,3I,3F,3D,3H
BCDFGHIK,"3B, 3C, 3D, 3F, 3G, 3H, 3I, 3K",3I,3G,3F,3B,3H,3C,3D,3K
BCDFGHIL,"3B, 3C, 3D, 3F, 3G, 3H, 3I, 3L",3C,3G,3B,3D,3I,3F,3L,3H
BCDFGHJK,"3B, 3C, 3D, 3F, 3G, 3H, 3J, 3K",3C,3G,3J,3B,3H,3F,3D,3K
BCDFGHJL,"3B, 3C, 3D, 3F, 3G, 3H, 3J, 3L",3C,3G,3B,3D,3J,3F,3L,3H
BCDFGHKL,"3B, 3C, 3D, 3F, 3G, 3H, 3K, 3L",3C,3G,3B,3D,3H,3F,3L,3K
BCDFGIJK,"3B, 3C, 3D, 3F, 3G, 3I, 3J, 3K",3C,3G,3J,3B,3I,3F,3D,3K
BCDFGIJL,"3B, 3C, 3D, 3F, 3G, 3I, 3J, 3L",3C,3G,3B,3D,3J,3F,3L,3I
BCDFGIKL,"3B, 3C, 3D, 3F, 3G, 3I, 3K, 3L",3C,3G,3B,3D,3I,3F,3L,3K
BCDFGJKL,"3B, 3C, 3D, 3F, 3G, 3J, 3K, 3L",3C,3G,3B,3D,3J,3F,3L,3K
BCDFHIJK,"3B, 3C, 3D, 3F, 3H, 3I, 3J, 3K",3F,3J,3I,3B,3H,3C,3D,3K
BCDFHIJL,"3B, 3C, 3D, 3F, 3H, 3I, 3J, 3L",3C,3J,3F,3B,3I,3D,3L,3H
BCDFHIKL,"3B, 3C, 3D, 3F, 3H, 3I, 3K, 3L",3I,3F,3B,3D,3H,3C,3L,3K
BCDFHJKL,"3B, 3C, 3D, 3F, 3H, 3J, 3K, 3L",3C,3J,3F,3B,3H,3D,3L,3K
BCDFIJKL,"3B, 3C, 3D, 3F, 3I, 3J, 3K, 3L",3C,3J,3F,3B,3I,3D,3L,3K
BCDGHIJK,"3B, 3C, 3D, 3G, 3H, 3I, 3J, 3K",3C,3G,3I,3B,3H,3D,3J,3K
BCDGHIJL,"3B, 3C, 3D, 3G, 3H, 3I, 3J, 3L",3C,3G,3I,3B,3J,3D,3L,3H
BCDGHIKL,"3B, 3C, 3D, 3G, 3H, 3I, 3K, 3L",3H,3G,3B,3C,3I,3D,3L,3K
BCDGHJKL,"3B, 3C, 3D, 3G, 3H, 3J, 3K, 3L",3C,3G,3J,3B,3H,3D,3L,3K
BCDGIJKL,"3B, 3C, 3D, 3G, 3I, 3J, 3K, 3L",3C,3G,3I,3B,3J,3D,3L,3K
BCDHIJKL,"3B, 3C, 3D, 3H, 3I, 3J, 3K, 3L",3C,3I,3J,3B,3H,3D,3L,3K
BCEFGHIJ,"3B, 3C, 3E, 3F, 3G, 3H, 3I, 3J",3C,3G,3J,3B,3I,3F,3E,3H
BCEFGHIK,"3B, 3C, 3E, 3F, 3G, 3H, 3I, 3K",3I,3G,3F,3B,3H,3C,3E,3K
BCEFGHIL,"3B, 3C, 3E, 3F, 3G, 3H, 3I, 3L",3I,3G,3F,3B,3H,3C,3L,3E
BCEFGHJK,"3B, 3C, 3E, 3F, 3G, 3H, 3J, 3K",3C,3G,3J,3B,3H,3F,3E,3K
BCEFGHJL,"3B, 3C, 3E, 3F, 3G, 3H, 3J, 3L",3C,3J,3F,3B,3H,3G,3L,3E
BCEFGHKL,"3B, 3C, 3E, 3F, 3G, 3H, 3K, 3L",3F,3G,3B,3C,3E,3H,3L,3K
BCEFGIJK,"3B, 3C, 3E, 3F, 3G, 3I, 3J, 3K",3E,3G,3F,3B,3I,3C,3J,3K
BCEFGIJL,"3B, 3C, 3E, 3F, 3G, 3I, 3J, 3L",3E,3G,3F,3B,3J,3C,3L,3I
BCEFGIKL,"3B, 3C, 3E, 3F, 3G, 3I, 3K, 3L",3I,3G,3F,3B,3E,3C,3L,3K
BCEFGJKL,"3B, 3C, 3E, 3F, 3G, 3J, 3K, 3L",3C,3G,3J,3B,3E,3F,3L,3K
BCEFHIJK,"3B, 3C, 3E, 3F, 3H, 3I, 3J, 3K",3F,3J,3I,3B,3H,3C,3E,3K
BCEFHIJL,"3B, 3C, 3E, 3F, 3H, 3I, 3J, 3L",3E,3J,3F,3B,3I,3C,3L,3H
BCEFHIKL,"3B, 3C, 3E, 3F, 3H, 3I, 3K, 3L",3F,3I,3E,3B,3H,3C,3L,3K
BCEFHJKL,"3B, 3C, 3E, 3F, 3H, 3J, 3K, 3L",3E,3J,3F,3B,3H,3C,3L,3K
BCEFIJKL,"3B, 3C, 3E, 3F, 3I, 3J, 3K, 3L",3E,3J,3F,3B,3I,3C,3L,3K
BCEGHIJK,"3B, 3C, 3E, 3G, 3H, 3I, 3J, 3K",3E,3G,3I,3B,3H,3C,3J,3K
BCEGHIJL,"3B, 3C, 3E, 3G, 3H, 3I, 3J, 3L",3E,3G,3I,3B,3J,3C,3L,3H
BCEGHIKL,"3B, 3C, 3E, 3G, 3H, 3I, 3K, 3L",3I,3G,3E,3B,3H,3C,3L,3K
BCEGHJKL,"3B, 3C, 3E, 3G, 3H, 3J, 3K, 3L",3C,3J,3E,3B,3H,3G,3L,3K
BCEGIJKL,"3B, 3C, 3E, 3G, 3I, 3J, 3K, 3L",3E,3G,3I,3B,3J,3C,3L,3K
BCEHIJKL,"3B, 3C, 3E, 3H, 3I, 3J, 3K, 3L",3E,3J,3I,3B,3H,3C,3L,3K
BCFGHIJK,"3B, 3C, 3F, 3G, 3H, 3I, 3J, 3K",3C,3G,3J,3B,3H,3F,3I,3K
BCFGHIJL,"3B, 3C, 3F, 3G, 3H, 3I, 3J, 3L",3C,3G,3J,3B,3I,3F,3L,3H
BCFGHIKL,"3B, 3C, 3F, 3G, 3H, 3I, 3K, 3L",3I,3G,3F,3B,3H,3C,3L,3K
BCFGHJKL,"3B, 3C, 3F, 3G, 3H, 3J, 3K, 3L",3C,3G,3J,3B,3H,3F,3L,3K
BCFGIJKL,"3B, 3C, 3F, 3G, 3I, 3J, 3K, 3L",3C,3G,3J,3B,3I,3F,3L,3K
BCFHIJKL,"3B, 3C, 3F, 3H, 3I, 3J, 3K, 3L",3F,3J,3I,3B,3H,3C,3L,3K
BCGHIJKL,"3B, 3C, 3G, 3H, 3I, 3J, 3K, 3L",3C,3J,3I,3B,3H,3G,3L,3K
BDEFGHIJ,"3B, 3D, 3E, 3F, 3G, 3H, 3I, 3J",3F,3G,3I,3B,3J,3D,3E,3H
BDEFGHIK,"3B, 3D, 3E, 3F, 3G, 3H, 3I, 3K",3F,3G,3E,3B,3H,3D,3I,3K
BDEFGHIL,"3B, 3D, 3E, 3F, 3G, 3H, 3I, 3L",3H,3G,3F,3B,3I,3D,3L,3E
BDEFGHJK,"3B, 3D, 3E, 3F, 3G, 3H, 3J, 3K",3E,3G,3F,3B,3H,3D,3J,3K
BDEFGHJL,"3B, 3D, 3E, 3F, 3G, 3H, 3J, 3L",3E,3G,3F,3B,3J,3D,3L,3H
BDEFGHKL,"3B, 3D, 3E, 3F, 3G, 3H, 3K, 3L",3F,3G,3B,3D,3E,3H,3L,3K
BDEFGIJK,"3B, 3D, 3E, 3F, 3G, 3I, 3J, 3K",3E,3G,3F,3B,3I,3D,3J,3K
BDEFGIJL,"3B, 3D, 3E, 3F, 3G, 3I, 3J, 3L",3E,3G,3F,3B,3J,3D,3L,3I
BDEFGIKL,"3B, 3D, 3E, 3F, 3G, 3I, 3K, 3L",3F,3G,3I,3B,3E,3D,3L,3K
BDEFGJKL,"3B, 3D, 3E, 3F, 3G, 3J, 3K, 3L",3E,3G,3B,3D,3J,3F,3L,3K
BDEFHIJK,"3B, 3D, 3E, 3F, 3H, 3I, 3J, 3K",3F,3J,3I,3B,3H,3D,3E,3K
BDEFHIJL,"3B, 3D, 3E, 3F, 3H, 3I, 3J, 3L",3E,3J,3F,3B,3I,3D,3L,3H
BDEFHIKL,"3B, 3D, 3E, 3F, 3H, 3I, 3K, 3L",3F,3I,3E,3B,3H,3D,3L,3K
BDEFHJKL,"3B, 3D, 3E, 3F, 3H, 3J, 3K, 3L",3E,3J,3F,3B,3H,3D,3L,3K
BDEFIJKL,"3B, 3D, 3E, 3F, 3I, 3J, 3K, 3L",3E,3J,3F,3B,3I,3D,3L,3K
BDEGHIJK,"3B, 3D, 3E, 3G, 3H, 3I, 3J, 3K",3E,3G,3I,3B,3H,3D,3J,3K
BDEGHIJL,"3B, 3D, 3E, 3G, 3H, 3I, 3J, 3L",3E,3G,3I,3B,3J,3D,3L,3H
BDEGHIKL,"3B, 3D, 3E, 3G, 3H, 3I, 3K, 3L",3H,3G,3E,3B,3I,3D,3L,3K
BDEGHJKL,"3B, 3D, 3E, 3G, 3H, 3J, 3K, 3L",3E,3G,3J,3B,3H,3D,3L,3K
BDEGIJKL,"3B, 3D, 3E, 3G, 3I, 3J, 3K, 3L",3E,3G,3I,3B,3J,3D,3L,3K
BDEHIJKL,"3B, 3D, 3E, 3H, 3I, 3J, 3K, 3L",3E,3J,3I,3B,3H,3D,3L,3K
BDFGHIJK,"3B, 3D, 3F, 3G, 3H, 3I, 3J, 3K",3F,3G,3I,3B,3H,3D,3J,3K
BDFGHIJL,"3B, 3D, 3F, 3G, 3H, 3I, 3J, 3L",3F,3G,3I,3B,3J,3D,3L,3H
BDFGHIKL,"3B, 3D, 3F, 3G, 3H, 3I, 3K, 3L",3F,3G,3I,3B,3H,3D,3L,3K
BDFGHJKL,"3B, 3D, 3F, 3G, 3H, 3J, 3K, 3L",3F,3G,3J,3B,3H,3D,3L,3K
BDFGIJKL,"3B, 3D, 3F, 3G, 3I, 3J, 3K, 3L",3F,3G,3I,3B,3J,3D,3L,3K
BDFHIJKL,"3B, 3D, 3F, 3H, 3I, 3J, 3K, 3L",3F,3J,3I,3B,3H,3D,3L,3K
BDGHIJKL,"3B, 3D, 3G, 3H, 3I, 3J, 3K, 3L",3H,3G,3I,3B,3J,3D,3L,3K
BEFGHIJK,"3B, 3E, 3F, 3G, 3H, 3I, 3J, 3K",3E,3G,3I,3B,3H,3F,3J,3K
BEFGHIJL,"3B, 3E, 3F, 3G, 3H, 3I, 3J, 3L",3E,3G,3I,3B,3J,3F,3L,3H
BEFGHIKL,"3B, 3E, 3F, 3G, 3H, 3I, 3K, 3L",3H,3G,3E,3B,3I,3F,3L,3K
BEFGHJKL,"3B, 3E, 3F, 3G, 3H, 3J, 3K, 3L",3E,3G,3J,3B,3H,3F,3L,3K
BEFGIJKL,"3B, 3E, 3F, 3G, 3I, 3J, 3K, 3L",3E,3G,3I,3B,3J,3F,3L,3K
BEFHIJKL,"3B, 3E, 3F, 3H, 3I, 3J, 3K, 3L",3E,3J,3I,3B,3H,3F,3L,3K
BEGHIJKL,"3B, 3E, 3G, 3H, 3I, 3J, 3K, 3L",3E,3J,3I,3B,3H,3G,3L,3K
BFGHIJKL,"3B, 3F, 3G, 3H, 3I, 3J, 3K, 3L",3H,3G,3I,3B,3J,3F,3L,3K
CDEFGHIJ,"3C, 3D, 3E, 3F, 3G, 3H, 3I, 3J",3F,3G,3I,3C,3J,3D,3E,3H
CDEFGHIK,"3C, 3D, 3E, 3F, 3G, 3H, 3I, 3K",3F,3G,3E,3C,3H,3D,3I,3K
CDEFGHIL,"3C, 3D, 3E, 3F, 3G, 3H, 3I, 3L",3H,3G,3F,3C,3I,3D,3L,3E
CDEFGHJK,"3C, 3D, 3E, 3F, 3G, 3H, 3J, 3K",3E,3G,3F,3C,3H,3D,3J,3K
CDEFGHJL,"3C, 3D, 3E, 3F, 3G, 3H, 3J, 3L",3E,3G,3F,3C,3J,3D,3L,3H
CDEFGHKL,"3C, 3D, 3E, 3F, 3G, 3H, 3K, 3L",3C,3G,3E,3D,3H,3F,3L,3K
CDEFGIJK,"3C, 3D, 3E, 3F, 3G, 3I, 3J, 3K",3E,3G,3F,3C,3I,3D,3J,3K
CDEFGIJL,"3C, 3D, 3E, 3F, 3G, 3I, 3J, 3L",3E,3G,3F,3C,3J,3D,3L,3I
CDEFGIKL,"3C, 3D, 3E, 3F, 3G, 3I, 3K, 3L",3I,3G,3F,3C,3E,3D,3L,3K
CDEFGJKL,"3C, 3D, 3E, 3F, 3G, 3J, 3K, 3L",3C,3G,3J,3D,3E,3F,3L,3K
CDEFHIJK,"3C, 3D, 3E, 3F, 3H, 3I, 3J, 3K",3F,3J,3I,3C,3H,3D,3E,3K
CDEFHIJL,"3C, 3D, 3E, 3F, 3H, 3I, 3J, 3L",3E,3J,3F,3C,3I,3D,3L,3H
CDEFHIKL,"3C, 3D, 3E, 3F, 3H, 3I, 3K, 3L",3F,3I,3E,3C,3H,3D,3L,3K
CDEFHJKL,"3C, 3D, 3E, 3F, 3H, 3J, 3K, 3L",3E,3J,3F,3C,3H,3D,3L,3K
CDEFIJKL,"3C, 3D, 3E, 3F, 3I, 3J, 3K, 3L",3E,3J,3F,3C,3I,3D,3L,3K
CDEGHIJK,"3C, 3D, 3E, 3G, 3H, 3I, 3J, 3K",3E,3G,3I,3C,3H,3D,3J,3K
CDEGHIJL,"3C, 3D, 3E, 3G, 3H, 3I, 3J, 3L",3E,3G,3I,3C,3J,3D,3L,3H
CDEGHIKL,"3C, 3D, 3E, 3G, 3H, 3I, 3K, 3L",3H,3G,3E,3C,3I,3D,3L,3K
CDEGHJKL,"3C, 3D, 3E, 3G, 3H, 3J, 3K, 3L",3E,3G,3J,3C,3H,3D,3L,3K
CDEGIJKL,"3C, 3D, 3E, 3G, 3I, 3J, 3K, 3L",3E,3G,3I,3C,3J,3D,3L,3K
CDEHIJKL,"3C, 3D, 3E, 3H, 3I, 3J, 3K, 3L",3E,3J,3I,3C,3H,3D,3L,3K
CDFGHIJK,"3C, 3D, 3F, 3G, 3H, 3I, 3J, 3K",3F,3G,3I,3C,3H,3D,3J,3K
CDFGHIJL,"3C, 3D, 3F, 3G, 3H, 3I, 3J, 3L",3F,3G,3I,3C,3J,3D,3L,3H
CDFGHIKL,"3C, 3D, 3F, 3G, 3H, 3I, 3K, 3L",3H,3G,3F,3C,3I,3D,3L,3K
CDFGHJKL,"3C, 3D, 3F, 3G, 3H, 3J, 3K, 3L",3H,3G,3F,3C,3J,3D,3L,3K
CDFGIJKL,"3C, 3D, 3F, 3G, 3I, 3J, 3K, 3L",3C,3G,3J,3D,3I,3F,3L,3K
CDFHIJKL,"3C, 3D, 3F, 3H, 3I, 3J, 3K, 3L",3F,3J,3I,3C,3H,3D,3L,3K
CDGHIJKL,"3C, 3D, 3G, 3H, 3I, 3J, 3K, 3L",3H,3G,3I,3C,3J,3D,3L,3K
CEFGHIJK,"3C, 3E, 3F, 3G, 3H, 3I, 3J, 3K",3E,3G,3I,3C,3H,3F,3J,3K
CEFGHIJL,"3C, 3E, 3F, 3G, 3H, 3I, 3J, 3L",3E,3G,3I,3C,3J,3F,3L,3H
CEFGHIKL,"3C, 3E, 3F, 3G, 3H, 3I, 3K, 3L",3H,3G,3E,3C,3I,3F,3L,3K
CEFGHJKL,"3C, 3E, 3F, 3G, 3H, 3J, 3K, 3L",3E,3G,3J,3C,3H,3F,3L,3K
CEFGIJKL,"3C, 3E, 3F, 3G, 3I, 3J, 3K, 3L",3E,3G,3I,3C,3J,3F,3L,3K
CEFHIJKL,"3C, 3E, 3F, 3H, 3I, 3J, 3K, 3L",3E,3J,3I,3C,3H,3F,3L,3K
CEGHIJKL,"3C, 3E, 3G, 3H, 3I, 3J, 3K, 3L",3E,3J,3I,3C,3H,3G,3L,3K
CFGHIJKL,"3C, 3F, 3G, 3H, 3I, 3J, 3K, 3L",3H,3G,3I,3C,3J,3F,3L,3K
DEFGHIJK,"3D, 3E, 3F, 3G, 3H, 3I, 3J, 3K",3E,3G,3I,3D,3H,3F,3J,3K
DEFGHIJL,"3D, 3E, 3F, 3G, 3H, 3I, 3J, 3L",3E,3G,3I,3D,3J,3F,3L,3H
DEFGHIKL,"3D, 3E, 3F, 3G, 3H, 3I, 3K, 3L",3H,3G,3E,3D,3I,3F,3L,3K
DEFGHJKL,"3D, 3E, 3F, 3G, 3H, 3J, 3K, 3L",3E,3G,3J,3D,3H,3F,3L,3K
DEFGIJKL,"3D, 3E, 3F, 3G, 3I, 3J, 3K, 3L",3E,3G,3I,3D,3J,3F,3L,3K
DEFHIJKL,"3D, 3E, 3F, 3H, 3I, 3J, 3K, 3L",3E,3J,3I,3D,3H,3F,3L,3K
DEGHIJKL,"3D, 3E, 3G, 3H, 3I, 3J, 3K, 3L",3E,3J,3I,3D,3H,3G,3L,3K
DFGHIJKL,"3D, 3F, 3G, 3H, 3I, 3J, 3K, 3L",3H,3G,3I,3D,3J,3F,3L,3K
EFGHIJKL,"3E, 3F, 3G, 3H, 3I, 3J, 3K, 3L",3E,3J,3I,3F,3H,3G,3L,3K
